url,phone_numbers,facebook_links,twitter_x_links,linkedin_links,instagram_links,youtube_links,addresses
http://bostonzen.org,,,,,,,
http://mazautoglass.com,4156264474,,,,,,"230 Bayshore Blvd.; 230 Bayshore Blvd. San Francisco, CA 94124"
http://melatee.com,,,,,,,
http://timent.com,,,,,,,
http://tlalocrivas.com,,https://www.facebook.com/tlalocnyc,https://twitter.com/TlalocRivas,https://www.linkedin.com/in/tlaloc-rivas-2a6b2610,https://www.instagram.com/tlalocnyc,,
http://creativebusinessassociates.com,,https://www.facebook.com/paula.easton,,,,,
http://cumberland-river.com,,,,,,,
http://verdantporch.com,,,,,,,
http://workitstudio.com,,,,,,,
http://coffee-homemachines.club,,,,,,,
http://mendiolagardening.com,,,,,,,
http://thestonenc.com,,,,,,,
http://kansaslimousin.org,1235892853935; 66710432,https://www.facebook.com/groups,,,,,11535 Thomas Rd
http://kkcger.com,,,,,,,
http://maddux.pro,,,,,,,
http://ohanaconsulting.net,,,,,,,
http://postmodern-strings.com,,,,,,,
http://takapartners.com,,,,,,,
http://techbarstore.com,,,,,,,
http://top-salon-hair-salon.business.site,,,,,,,
http://dolee-rentals.com,2293445037; 2294369620,https://www.facebook.com/DoLee-Rentals-Inc-141860142549724,https://twitter.com/DexYPHQ,,,,
http://kns-construction.com,,,,,,,
http://timothyburger.com,,,,,,,
http://trueaudio.com,,,,,,,
http://venturemediaagency.com,7325354027,https://www.facebook.com/venturemediadigital,,,https://www.instagram.com/venturemediadigital,,100 Walnut Ave Clark NJ 07066
http://garrettwietholter.com,3178733230; 8557337333,https://www.facebook.com/153341281385570,,https://www.linkedin.com/in/garrett-wietholter-b5037a88,,https://www.youtube.com/user/watch,
http://nashvilleucc.org,,,,,,,
http://outforlifeministries.com,,,,,,https://www.youtube.com/user/watch,
http://phack.org,,https://www.facebook.com/PHackCon,https://twitter.com/PHackCon,https://www.linkedin.com/company/pacific-hackers-conference,https://www.instagram.com/pacifichackersca,https://www.youtube.com/user/pacifichackers,
http://potomaccanine.com,,,,,,,
http://azureskies.com,,,,,,,
http://couplescounselingatlanta.com,,,,,,,
http://philstreeppc.com,,,,,,,
http://romanthumbs.com,,,,,,,
http://topcropalliance.com,,,,,,,
http://smilesbygateway.com,8178586333,,,,,,4013 Gateway Drive
http://solarecon.wordpress.com,,,,,,,
http://johnstons-clothiers.business.site,,,,,,,
http://ohhappydayshatchetthrowing.com,,,,,,,
http://plumbingbydlt.com,+17139798345; 7139798345,https://www.facebook.com/Plumbing-By-DLT-217036568422674,,,,,
http://completecaredevelopmentcenter.com,,https://www.facebook.com/CompleteCareDevelopment,,,,,
http://kaleofamilies.org,,,,,,,
http://monahanclinics.com,32080824; 9048248353; +3863282710; 32177328; +9048248353,https://www.facebook.com/MonahanClinics,,,https://www.instagram.com/monahanchiro_medical,,419 Anastasia Blvd
http://samantharaiderbrown.com,,,,,,,
http://beagibbons.com,,,,,,,
http://getranx.com,,,,,,,
http://iam-boeing.com,,,,,,,
http://roux30a.com,,https://www.facebook.com/Roux30a,,,https://www.instagram.com/roux30a,,"114 Logan Lane Ste 1A, Santa Rosa Beach FL"
http://1laurellane.com,,,,,,,
http://airprofork.com,,,,,https://www.instagram.com/airprofork; https://www.instagram.com/p,,
http://candybartending.com,,https://www.facebook.com/Candythebartender,,,https://www.instagram.com/candybar_bartender,,
http://kelleyroadrace.com,,,,,,,
http://marrs-jonesfuneralhome.com,1512237; 5122372425,https://www.facebook.com/MarrsJonesFuneralHomeAllFaithsofthePinesChapel,,,,,
http://motherssoontobe.com,,,,,,,
http://palla-siding-and-windows.business.site,,,,,,,
http://propertyguysnj.com,,,,,,,
http://rcgglobaltv.com,,,,,,,
http://rlosrivera.com,,,,,,,
http://starcomconsulting.com,,,,,,,
http://torget.org,,,,,,,
http://cancersupportdelaware.org,,,,,,,
http://cryptohomiesclub.io,,https://www.facebook.com/cryptohomiesnft,https://twitter.com/CRYPTOHOMIES_,,https://www.instagram.com/cryptohomies_,,
http://jessicaashwellness.com,,https://www.facebook.com/jessicaashwellness,,,https://www.instagram.com/jessicaashwellness,https://www.youtube.com/c/JessicaAshWellness1; https://www.youtube.com/user/playlist,
http://pctouchservices.com,,https://www.facebook.com/home.php,https://twitter.com/mayisad,,,,
http://sharonkinghoge.com,,,https://twitter.com/SharonKingHoge,,,,
http://steppir.com,,,,,,,
http://highwayonerealestate.com,,,,,,,
http://minastollery.com,,,,,https://www.instagram.com/electric_skillet,,
http://amwindowcleaning.org,,,,,,,
http://cincyscrubs.com,,https://www.facebook.com/cincyscrubs,,,,,4934 Provident Dr
http://figlass.biz,845354631,,,,,,
http://horizons.church,+14025125700,https://www.facebook.com/HorizonsCommunityChurch; https://www.facebook.com/groups,,,https://www.instagram.com/horizons_community_church,https://www.youtube.com/c/Horizons-community-church; https://www.youtube.com/c/HorizonsCommunityChurch; https://www.youtube.com/c/horizonscommunitychurch,
http://mygoodhorse.weebly.com,,https://www.facebook.com/pages,,,,,
http://wombatworks.org,,https://www.facebook.com/wombatworksllc,https://twitter.com/WombatWorks,,,,
http://yourhairdynasty.com,,https://www.facebook.com/yourhairdynasty,https://www.twitter.com/yourhairdynasty,,https://www.instagram.com/yourhairdynasty,https://www.youtube.com/user/yourhairdynasty,
http://alpha-research-associates-research-institute.business.site,,,,,,,
http://annarborhomesrealtor.com,3137177788,https://www.facebook.com/maurarains1,,,,,"1302 Riversedge Drive; 7160 Warwick Drive; <a href=""/home-for-sale/1302-Riversedge-Drive-Saline-MI-48176/20251005141-MIRC"" class=""d-block"" title=""View property at 1302 Riversedge Drive Saline, MI 48176"">; 3324 Bluett Drive; <a href=""/home-for-sale/7160-Warwick-Drive-Ypsilanti-MI-48197/20251003936-MIRC"" class=""d-block"" title=""View property at 7160 Warwick Drive Ypsilanti, MI 48197"">; <a href=""/home-for-sale/3324-Bluett-Drive-Ann-Arbor-MI-48105/20251005181-MIRC"" class=""d-block"" title=""View property at 3324 Bluett Drive Ann Arbor, MI 48105"">"
http://astepabovemb.com,,https://www.facebook.com/A-Step-Above-Flooring-810287332403927,https://twitter.com/AStepAboveMB,,https://www.instagram.com/astepaboveflooring,https://www.youtube.com/channel/UCfnhlL-4YRhTqg5w1GQ9Zkw,"721 Sandy Ln Unit F • Myrtle Beach, SC 29575; 721 Sandy Ln. Unit F"
http://buchanan-edwards.online,,,,,,,
http://busiup.com,,,,,,,
http://clockinc.org,,https://www.facebook.com/clock.inc.qc; https://www.facebook.com/designs.chasing,https://twitter.com/clockincLGBT,https://www.linkedin.com/in/clockinc,https://www.instagram.com/clockinclgbt,,
http://oceancurrent.com,41596074557; 42214348488; 42111291130; 41697411236; 41719750164; 42111291162; 42083787276; 41697413529; 42083861430; 41719745478; 42214319390; 41719668474; 39810173632; 39810176385; 42083638935; 42083861364; 41869736509; 41719668441; 41588990967; 41697413562; 42214258081; 39810174419; 41719610835; 42083777970; 41697908523; 42085728026; 41588991000; 42214348554; 41808308142; 39810174353; 39810173534; 41709993197; 42083851305; 39810176581; 42214266929; 42214266863; 41753452839; 41697413497; 42214257983; 41719758487; 41719745446; 42214348456; 41719750066; 39810174517; 42083777937; 42083851403; 41764051845; 39810174025; 41719610867; 41808308175; 39810173599; 41697411203; 41719670964; 41764048732; 41753452871; 39810174582; 41763974873; 41808298475; 42083638837; 41764051943; 41697406746; 42085728092; 42111333204; 42083851370; 42214258049; 39810176680; 42214319423; 41808267215; 39810175467; 42111291064; 41753452806; 42083861397; 41764051878; 41697908621; 42111291097; 41764048830; 39810174451; 41588821065; 41719758454; 39810176417; 41719668408; 39810175533; 42083787374; 41763986669; 41763986636; 41763974971; 41709993230; 41764051910; 41709993164; 41588821033; 41697411170; 42083851337; 39810173436; 41808282452; 41753452904; 41596074655; 41719745380; 42085728059; 39810174058; 41719610933; 41808308240; 39810174615; 41697411137; 41697406812; 41719610900; 42083778035; 42214266962; 42083638870; 41719758520; 42083787342; 41719745413; 39810174124; 41808282484; 42214266896; 42214319325; 41753452773; 41869736444; 41719750131; 42111333138; 41808298442; 41719758422; 41697908588; 41697406714; 42214348521; 42111333171; 41719750099; 42083523264; 41588991033; 42111333105; 42083787309; 41697413464; 42083523231; 41596074623; 41763986702; 39810173403; 41697406779; 41808298508; 41719670997; 39810176614; 41596074590; 41709993263; 42083638902; 39810174550; 42083861332; 41764048797; 39810176319; 41763974906; 42085727994; 41808267116; 42214319358; 41763986735; 41808282419; 41719668375; 41697908555; 42083778003; 41763974938; 39810174386; 42083523330; 39810174091; 41869736476; 39810173468; 41719670931; 41808282517; 42083523297; 39810176352; 41869736411; 41764048765; 41808298541; 41808267182; 39810176647; 41719671029; 41588821000; 41808308207; 39810173370; 42214258016; 41808267149; 39810175500; 41588820967; 39810173567; 41588990935; 39810175434,https://www.facebook.com/oceancurrent,,,https://www.instagram.com/oceancurrent,,
http://arnoldprint.com,7173925491,,,,,,"53 Eastman Ave,"
http://deepdivecounseling.net,,,,,,,
http://forcht-law.com,,,,,,,
http://graciejoplin.com,,https://www.facebook.com/Ghettotacos417; https://www.facebook.com/profile.php; https://www.facebook.com/jason.rios.16547008; https://www.facebook.com/rob.gaul.3; https://www.facebook.com/graciejoplin; https://www.facebook.com/zach.lawson.54; https://www.facebook.com/shiloh.burchfield,,,,,
http://itpc-usa.com,,https://www.facebook.com/wix,https://www.twitter.com/wix,,https://www.instagram.com/wix,,
http://scienceeducators.org,,,,,,,
http://directdrivelogistics.com,,,,,,,"Copyright © 2025 Direct Drive Logistics, Inc."
http://gsbphoto.com,,,,,,,
http://pinehavenresort.com,,https://www.facebook.com/NorLightsCasino; https://www.facebook.com/HackCFC; https://www.facebook.com/login; https://www.facebook.com/bearpausetheater; https://www.facebook.com/Pine-Haven-Resort-on-Blackwater-Lake-130381357029056,,,,,
http://cavachonsofoklahoma.com,,,,,,,
http://fuecid.shop,,,,,,,
http://janellesrestaurant.com,,,,,,,
http://peacefulwolftaichi.com,,,,,,,
http://uomosport.com,3102050407,https://www.facebook.com/UOMOSPORT2016,https://twitter.com/uomo_sport,https://www.linkedin.com/company/uomo-sport,https://www.instagram.com/uomo_sport,,
http://warnby.com,,,,,,,
http://antiochassistedliving.com,,,,,,,
http://davidprieto.realestate,91316422; 8184223831; +8184223831,https://www.facebook.com/DPREServices,https://twitter.com/share,https://www.linkedin.com/in/david-prieto-0a908330,,,"17404 Ventura Blvd. Unit 110, Encino, CA 91316; 18750 Keswick Street"
http://gygeneralservices.business.site,,,,,,,
http://kickitupquilting.com,,https://www.facebook.com/KickItUpQuilting,,,https://www.instagram.com/kickitupquilting,,
http://koimountain.com,,,,,,,
http://pinolevistareimagined.com,,,,,,,
http://seamuspuppy.com,,,,,,,
http://aop3d.com,,https://www.facebook.com/AOPthreeD,,,https://www.instagram.com/aop3d,,
http://off-trail.co,,,,,https://www.instagram.com/offtrail.co,,
http://proexecstaffing.com,7132482245,https://www.facebook.com/proexecstaffing,https://twitter.com/exec_pro,https://www.linkedin.com/company/pro-exec-staffing,,,
http://stewartgrain.com,,,,,,,
http://truyasushica.com,4082444534,,,,,,
http://yingtexun.com,,,,,,,
http://camilluscusecamp.com,,,,,,,
http://hyhp.org,,https://www.facebook.com/hawaiiyhp,,https://www.linkedin.com/company/hyhp,https://www.instagram.com/hawaiiyhp,,
http://rrrobotictec.com,,,,,,,
http://thebeautyteam.com,9089175233,https://www.facebook.com/The-Beauty-Team-NJ-1524388267839855,,https://www.linkedin.com/in/daniela-brozkova-3b084b9,https://www.instagram.com/thebeautyteamnj,,
http://justgooglebenhiggins.com,,,,,,,
http://onsa.net,,,,,,,"1270 Chemeketa Street N.E., Salem, OR 97301"
http://stitchncluck.com,,,,,,,
http://ascend-tech.us,,,https://twitter.com/AscendSoftTech,https://www.linkedin.com/company/ascendant-software-technology-llc,,,
http://buryservices.com,,,,,,,
http://cleaningsvccolumbiafalls.com,,,,,,,
http://fortlaudedalepsychic.com,,,,,,,
http://longrealty.com,,,,,,,
http://miltongeorgialiving.com,,,,,,,
http://smensclub.org,15143741,https://www.facebook.com/smensclub,,,,,625 Blackburn Road
http://woodgateapts.net,8442017843,https://www.facebook.com/pg,https://twitter.com/intent,,https://www.instagram.com/woodgate.jordan.landing,,
http://crawfordproduction.com,,,,,,,
http://fanbladedesigns.com,,https://www.facebook.com/pages,https://twitter.com/FanBladeDesigns; https://twitter.com/fanbladedesigns,,https://www.instagram.com/fanbladedesigns,https://www.youtube.com/user/watch,
http://ghostmountain.org,,,,,https://www.instagram.com/ghostmountainpdx,,
http://lequedagua.com,,https://www.facebook.com/lequedagua.lda,,,https://www.instagram.com/lequedagua,,
http://lisinoprilfst.com,,,,,,,
http://nbwatergardens.com,65340229,,,,,,
http://semillacenter.org,,https://www.facebook.com/SemillaCenter,https://twitter.com/semillacenter,,https://www.instagram.com/semillacenter,,
http://jrmatheny.com,,,https://twitter.com/jason_r_matheny,,https://www.instagram.com/jrmatheny,,
http://madebyjosy.com,,,,,,,
http://philippineflowers.com,,,,,,https://www.youtube.com/user/embed,
http://stpunited.org,,https://www.facebook.com/stpunited,,,https://www.instagram.com/stpaulsraymore,,
http://thethriftyhijabi.com,,,,,,,
http://timemusicgroupnyc.com,,,,,,,
http://2701jamesmwood.com,,,,,,,
http://behindthewhitebeard.com,,,,,,,
http://calcoastjewelryappraisers.com,7605046343; +17605046343,https://www.facebook.com/CalCoastJewelryAppraisers,,,https://www.instagram.com/gemologistgirl,,3001 Carlsbad Blvd Suite 12
http://floraottimer.com,,https://www.facebook.com/floraottimer,,,https://www.instagram.com/floraottimer,,
http://infinitiofsouthatlanta.com,,,,,,,
http://johnsoncreekrvresort.com,8303673300,https://www.facebook.com/johnsoncreekrvresortpark,,,https://www.instagram.com/explore,,
http://liketelevision.com,,,,,,,
http://talkingparents.com,,https://www.facebook.com/TalkingParents,https://twitter.com/Talkingparents,,https://www.instagram.com/talkingparentsapp,,
http://allcleanhomes.com,,,,,,,
http://ericamhill.com,,,,,,,
http://hypnosishealthworks.com,,,,,,,
http://rewildyourgarden.com,,,,,,,
http://shakeprosolutions.com,,https://www.facebook.com/ShakeProSolutions,https://twitter.com/shakepros,,https://www.instagram.com/shakeprosolutions,,
http://themarketinggroupaz.com,,,,,,,
http://virustarllc.com,,,,,,,
http://continentalfresh.com,5555555555,,,https://www.linkedin.com/company/continental-fresh-llc,,,
http://marblepolishingmiami.net,3057312242,,,,,https://www.youtube.com/user/watch,
http://tornadobaseball.com,,,,,,,
http://hdnavalue.com,,,,,,,
http://mojoparker.com,,https://www.facebook.com/mojoparker,,,https://www.instagram.com/mojoparkerblues,,
http://proofpass.com,,,,,,,
http://rgaineswebdevelopment.com,+18169747493,,,,,,
http://spynewsletter.com,,,,,,,
http://charliesproshop.com,,,,,,,11401 Starkey Road
http://haqelyaqeen.com,,,,,,,
http://mutterpasshuellen.eu,,,,,,,
http://theneumannproject.com,,,,,,,
http://vibrantlifefarms.com,,,,,,,
http://vipsmarthomes.com,,,,,,,
http://jsdagency.com,,,,https://www.linkedin.com/company/jsdagency,https://www.instagram.com/jsd.agency,,
http://sunnova-solar-oakland.business.site,,,,,,,
http://tevisdenise.com,,,,,,,
http://badgertoyotalift.com,,,,,,,
http://bettoli.realtor,3053567440,https://www.facebook.com/NARdotRealtor,https://twitter.com/NARdotREALTOR,,https://www.instagram.com/nardotrealtor,https://www.youtube.com/user/dotREALTOR,
http://greggardnersbarbershop.com,,,,,,,
http://hautesalonjc.com,,,,,,,
http://ropescan.us,,,,,,,
http://saracott.com,30030850,,,,,,
http://dumpsterrentalalhambraca.com,,,,,,,
http://fynres.com,,,,,,,"1326 E. Commercial Blvd., #1023 Oakland Park, FL, 33334, US,"
http://hubbardstudios.com,,,,,,,
http://roushdetailingllc.com,,,,,,,
http://salinasidingcompany.com,+17853908822,https://www.facebook.com/Salina-Siding-Company-104405568676524,,https://www.linkedin.com/company/75604120,,,
http://arisepca.com,,https://www.facebook.com/ArisePCA,,,https://www.instagram.com/arisepresbyterian; https://www.instagram.com/p,,631 Eucalyptus Ave
http://hairbykole.com,,,,,,,
http://bundlesbybassett.com,,,,,,,
http://documentsandforms.com,,,https://twitter.com/share,,,,
http://lineoftecnologia.com,,,,,,,
http://mikesagfencerepair.com,,,,,,,
http://sootheyoursoulmassage.com,,,,,,,
http://thatpaintgirl.com,,,,,,,
http://cgllcairheatingandcoolingservices.business.site,,,,,,,
http://clinejewelers.com,,,,,,,
http://1vandegraaff.com,,,,,,,
http://betterbuildco.com,+15122708388,https://www.facebook.com/profile.php,,,https://www.instagram.com/austinhomeservices,,
http://dreamservicesoftware.com,+1210695,https://www.facebook.com/dreamservicecrm,,https://www.linkedin.com/company/dream-service-software,https://www.instagram.com/dreamservicesoftware,,"11802 Warfield St. #200,"
http://meskauskis.com,,,,,,,
http://thelocalmanjakemangan.com,,,,,,,
http://timberwoodofnaples.org,,,,,,,
http://two2brew.com,1877662,https://www.facebook.com/hellotwo2brew; https://www.facebook.com/sharer.php,https://twitter.com/intent,,https://www.instagram.com/hellotwo2brew,https://www.youtube.com/channel/UCyycXJiRJ_Zclyrnr8wI-og,
http://loydayu.com,9211392115; 9194891951; 9210992111; 9204992052; 9202692028; 9205992061; 9219692198; 9197991987; 9214592149; 9209192093; 9191591917; 9217092172; 9193191933; 9206992071; 9213592137; 9217892182; 9193591942; 01310483; 9212692128; 9212192123; 9208192083; 9190191903; 9216292164; 9210592107; 9213992142; 9196391977; 9213092132; 9215892160; 9200492008; 9211792119; 9202292024; 9203892040; 9210192103; 9216692168; 9208592088; 9203092036; 9215292154; 9201092013; 9206592067; 9207492078; 9217492176; 9205592057; 9194491946; 9219292194; 9218692190; 9190691909; 9201892020; 9191191913,https://www.facebook.com/ErikaLoydaYu,,,,,860 Kuhn Dr.
http://markhensonart.com,7077308538; 7072752201; 2752201,,,,,https://www.youtube.com/user/watch,
http://tangodown.com,,,,,,,
http://iambaldianastyles.info,,,,,,,
http://innovativeinstruction.org,,,,,,,
http://lassomd.com,888448888; 8884488149,https://www.facebook.com/Hi.LassoMD,,,https://www.instagram.com/hi.lassomd,,
http://nefsvt.com,,https://www.facebook.com/NortheastFarmServices; https://www.facebook.com/l.php,,,https://www.instagram.com/nefsvt,https://www.youtube.com/channel/UCRZ0tRSvW4bGp0dmWWAeySw,
http://yourvibrantnutrition.com,7328295146,https://www.facebook.com/Dietitianinfo,,https://www.linkedin.com/in/annette-o-neill-rdn-3182a5ba,https://www.instagram.com/wellnessoneill,https://www.youtube.com/user/watch,"151 Main Street,"
http://burst-media.com,,,,,,,
http://hightechautoservicesantamonica.com,,,,,,,
http://rebeccathebadass.com,,,,,https://www.instagram.com/rebeccaekeating,,
http://tsunamipolo.org,,https://www.facebook.com/SFTsunamiWaterPolo,,,https://www.instagram.com/sftsunamipolo,,
http://bergesenterpriseinc.com,,,,,,,
http://brooklyntreecompany.com,,,,,,,
http://citycenterwaco.com,2547548989,https://www.facebook.com/216687328438429; https://www.facebook.com/downtownwacotx; https://www.facebook.com/photo.php,https://downtownwacotx.com/lunch; https://downtownwacotx.com/events; https://twitter.com/intent; https://downtownwacotx.com/wp; https://downtownwacotx.com/shop; https://downtownwacotx.com/play; https://downtownwacotx.com/ccw; https://downtownwacotx.com/parking; https://downtownwacotx.com/blog; https://downtownwacotx.com/about; https://downtownwacotx.com/dine; https://downtownwacotx.com/author; https://downtownwacotx.com/contact,,https://www.instagram.com/wacodowntown,,"Board of Directors Agenda Wednesday | February 28, 2024, | 3:00 PMLocation: 801 Elm Avenue…; The front door at 801 Elm Avenue may be locked due to COVID-19 precautions but…; Board of Directors Agenda Wednesday | August 28, 2024, | 3:00 PMLocation: 801 Elm Avenue…; 420 Franklin Ave; Board of Directors Agenda Wednesday | September 25, 2024, | 3:00 PMLocation: 801 Elm Avenue…"
http://paysonhandyman.com,,,,,,,
http://skdesignbuildllc.com,,https://www.facebook.com/sktcorp,https://twitter.com/SK_Technologies,https://www.linkedin.com/company/s,,https://www.youtube.com/user/sktcorp,
http://adaini.com,,,,,,,
http://brilliantcityreiki.com,,,,,,,
http://genfreellc.com,,,,,,,
http://gentzlerelectric.com,12143412890; 2143412890,,,,,,"11545 Pagemill Rd, Dallas, TX 75243"
http://moorecapitalservices.net,,,,,,,
http://amendedbeauty.com,,,,,,,
http://beautifulbodybabes.com,,,,,,,
http://charlesmann-contracting.com,,,,,,,
http://growthfutures.net,,,,,,,
http://janarose.us,,,,,https://www.instagram.com/reel; https://www.instagram.com/p,,
http://pearlcorker.wordpress.com,,,https://twitter.com/SatohsiLite; https://twitter.com/APompliano,,,https://www.youtube.com/user/watch,
http://skinnerdaylilies.com,,,,,,,
http://tamalpaistaichi.com,,,,,,,
http://asahisuperdry.com,,,,,,,
http://drrokh.com,,https://www.facebook.com/DoctorRokh,https://twitter.com/dr_rokh,https://www.linkedin.com/in/parastoo-chamanrokh-ph-d-a647616a,https://www.instagram.com/_dr.rokh_,https://www.youtube.com/channel/UCq6VtBR_Ir0w8-3KWk8dhGg,
http://highwaydistribution.net,+1951210,https://www.facebook.com/boldthemes,https://twitter.com/bold_themes,,https://www.instagram.com/bold_themes,https://www.youtube.com/channel/UCPL5LgX32KsbQ1i9nV-xiKA,763 Williams Rd Palm Springs CA 92562
http://kellyhohlainteriors.com,,https://www.facebook.com/hohlainteriors,,,https://www.instagram.com/kellyhohla,,
http://lawrencedy.com,,,,,,,
http://sullivanswcd.org,8452926552,https://www.facebook.com/profile.php,,,,,
http://ergoactives.com,,,,,,,
http://grpinsurance.com,,,,,,,
http://laydomsouth.org,,,,,,,
http://shoplakebuoy.com,,,,,,,
http://tambasamba.design,,,,,,,
http://acornlawpc.com,8054093878,https://www.facebook.com/acornlaw,,,,,"310 N. Westlake Blvd, Suite 100 Westlake Village, CA 91362"
http://airelibreavenue.com,,,,,,,
http://erichedlund.com,,,,,,,
http://imperiumstrategiesllc.com,,https://www.facebook.com/ImperiumPublicStrategies,,https://www.linkedin.com/company/imperium-public-strategies,https://www.instagram.com/imperiumpublicstrategies,,
http://4v21.com,,,https://twitter.com/share; https://twitter.com/richardwolffedc; https://twitter.com/realDonaldTrump,,,https://www.youtube.com/user/watch,
http://intfloors.com,,,,,,,
http://norconindustries.net,4808392324; 5555555555,,,,,,
http://tic-texas.com,,https://www.facebook.com/TICSugarLand,,https://www.linkedin.com/company/texas-inpatient-consultants-lllp,https://www.instagram.com/texas_inpatient_consultants,,
http://trihealthbalance.com,,,,,,,
http://bathpeople.com,,https://www.facebook.com/bathpeople,,,https://www.instagram.com/bathpeopleco,,
http://bubongstore.com,,,,,,,
http://cedarwork.org,,,,,,,
http://helixapartments.com,,,,,,,
http://richardsservicecenter.com,,,,,,,
http://epertase.com,,,,,,,
http://id44.com,,,,,,,
http://laflosd.com,,,,,,,
http://lifeofbtc.org,,https://www.facebook.com/Sterling-Council-605921499827431,,,https://www.instagram.com/life.of.btc,,
http://openairchair.com,80120798,,,,,,
http://sushirawsf.com,,,,,,,
http://verve-medical.com,,,,,,,
http://jaredshavelson.com,,,https://twitter.com/jaredshavelson,,https://www.instagram.com/jaredshavelson,,
http://lgcountryschool.com,,,,,,,
http://wanakenapinecone.wordpress.com,3153094040,https://www.facebook.com/profile.php,,,,,
http://clevelandheightsapartments.com,,,,,,,
http://highqualitypcs.com,,,,,,,
http://tylerteaches.com,,,,,,,
http://86fest.com,,https://www.facebook.com/events; https://www.facebook.com/TeamTopakRacing; https://www.facebook.com/CarsWithoutLimits; https://www.facebook.com/86FEST,,,https://www.instagram.com/86fest; https://www.instagram.com/azfrs86; https://www.instagram.com/socalsd86,,
http://elijahvest.com,,,,,,,
http://hannacho.com,,,,,,,
http://jasonheltonrealestate.com,,,,,,,
http://kathymetzinc.com,,,https://cdn1.brivityidx.com/assets,,,,"'123 Main St, Anytown'"
http://platformtemizlik.com,,,,,,,
http://shmstudios.com,,,,,,,
http://westtubingcompany.com,8283898823,https://www.facebook.com/westtubingcompany,,,https://www.instagram.com/west_tubing_company,,
http://advance-tcc.com,,,,,,,
http://bluestreakgrinding.com,,,,,,,
http://tashahmoore.com,,,,,,,
http://thejewishheritagefoundation.com,,,,,,,
http://veritassynergetic.com,,,,,,,
http://wellbaum-apiaries.business.site,,,,,,,
http://aroostooktechnologies.com,+1207762; 2077629321,,,,,,"Address: 4 Airport Drive  Presque Isle, ME 04769"
http://branchedoakmarina.com,,https://www.facebook.com/Branched-Oak-Marina-155307791173595,,,,,
http://brandibaileyphotos.com,,,,,,,
http://daylilyhealth.org,,https://www.facebook.com/daylilyhealth,,https://www.linkedin.com/company/daylilyhealth,https://www.instagram.com/daylilyhealth,,
http://woodstocklodge246.org,,,,,,,
http://burkeoppenheim.com,,,,,,,
http://eringallagher.wordpress.com,,https://www.facebook.com/pages,https://twitter.com/eringallagher,,,,how it happened:
http://snugharborca.com,,,,,,,
http://successoilco.com,,,,,,,
http://thermalpd.com,,,,https://www.linkedin.com/company/thermalprocessdevelopment,,,
http://emergencyinternational.org,,,,,,,
http://foxtrailerservice.com,,,,,,,
http://nomadicbearproductions.com,8314207008,,,https://www.linkedin.com/in/chris-mcgilvray-91204bb,https://www.instagram.com/nomadic.bear,,
http://powersfamilymedicine.com,+1248482; 12484826222; +1248987,https://www.facebook.com/powersmedicine,,,,,
http://themacks.wordpress.com,,,,,,,
http://timothylee.us,,,,https://www.linkedin.com/in/timothylee-us,,,
http://nu-imagepainting.com,,,,,,,
http://southsidedentalcare-dentalclinic.business.site,,,,,,,
http://citadelurban.com,2108984777,https://www.facebook.com/profile.php,,,https://www.instagram.com/citadelurban,,
http://coopster.org,,,https://twitter.com/share,,,,
http://directjet.com,,https://www.facebook.com/Direct-Jet-Charter-LLC-123777037688095,,,,,"507 EDWARDIA DRIVE GREENSBORO, NC  27409"
http://sacreativedesign.com,,,,,,,
http://yjlashstudio.com,,https://www.facebook.com/yjlash,,,https://www.instagram.com/yjlashstudio,,
http://sanfranciscowinecenter.com,,,,,,,
http://sceniclandscaping.net,,,,,,,
http://techsynario.com,,,,,,,
http://temploebenezerweslaco.com,,,,,,,
http://cotherix.com,,,,,,,
http://leahyfamilydentistry.com,9193634204,https://www.facebook.com/leahyfamilydentistry,https://twitter.com/LeahyDentistry; https://my.dentrix.com/0035230,,,,
http://ohanacrm.com,,,,,,,
http://pd2llc.com,,,,,,,
http://romesportshalloffame.com,,,,,,,
http://studiobsalon.net,,,,,,,
http://aristacons.com,38578990009; 2857899; 18578990009; 3857899; 1857899; 28578990009,https://www.facebook.com/delaware,https://twitter.com/delaware,,,,
http://sbmobilenails.com,,,,,,,
http://aether-multimedia-llc.business.site,,,,,,,
http://aspecialtouchflorist.net,,,,,,,
http://cowpaddyfudge.wordpress.com,,,,,,,
http://maquez-kennelz.business.site,,,,,,,
http://tax-masters.net,,,,,,,
http://ticketsregina.com,,,,,,,
http://abujaluxuryhome.com,,,,,,,
http://belozapp.com,,,,,,,
http://harmonystarkennel.com,,,,,,,
http://homesforsalescv.com,,,,,,,
http://1stamc.com,,,,,,,
http://abbevillecalendar.com,,,,,,,
http://apollostreams.com,,https://www.facebook.com/Apollo-Streams-103638581396058,,,https://www.instagram.com/apollostreams,,
http://fitfeetflorida.com,813645199; 8135636458; 8136451993; 7278245100,https://www.facebook.com/FitFeetForLifeFootandAnkle,,,,,
http://kaylabeehler.com,,,,https://www.linkedin.com/in/kayla-beehler-61691410a,https://www.instagram.com/kb_designs,,
http://parisfumc.org,,,,,,,
http://jointguard.com,,,,,,,
http://kusbeautyusa.com,,,,,,,
http://logansquarelaundry.com,,,,,,,
http://mogreenway.com,,,,,,,
http://al-advertising-diet-store.com,,,,,,,
http://artworkbydoyle.com,,,,,,,
http://bc-hinger.com,,,,,,,
http://beautyblueprintllc.com,,,,,,,
http://bookkeepinglogic.com,,,,,,,"17770 Monterey Rd Suite C Morgan Hill, CA  95037"
http://neomedia-dg.com,+19152012695,https://www.facebook.com/neomedia.dg,,https://www.linkedin.com/company/neomedia-design-group,https://www.instagram.com/neomedia.dg,https://www.youtube.com/user/NeomediaDesignGroup,
http://reveportraits.com,,,,,,,
http://rustyskate.com,,,,,,,
http://shootmethevin.com,8775122555,,,,,,4 Wheel Drive
http://3lechesbake.com,,https://www.facebook.com/3lechesbake,,,https://www.instagram.com/3lechesbakery,,
http://baypointlabs.com,7077476081,,,,,,"685 Stone Rd Suite 9, Benicia, CA 94510, United States Of America"
http://bigtransformerbushings.com,1330493,,,,,,"4321 STRAUSSER ST. NW, NORTH CANTON, OH 44720"
http://feltgoodmusic.com,,,,,,,
http://lionsteelstructuresco.com,,,,,,,
http://royaltycleaningva.co,,,,,,,
http://sherricornett.com,,,,,,,
http://childcarecompany.org,,,,,,,
http://kathrynsonmoonlake.com,,,,,,,
http://periogel.net,8774344867,https://www.facebook.com/PerioProtect,https://twitter.com/perioprotect,,https://www.instagram.com/perioprotect,https://www.youtube.com/user/perioprotect,3955 Bayless Avenue
http://prashnercpa.com,,https://www.facebook.com/Barbara-Prashner-CPA-PC-128144142015,,https://www.linkedin.com/in/barbara-prashner-cpa-p-c-8914127,,,
http://whittiershuttle.com,,,,,,,
http://aetheradvisors.com,,,,https://www.linkedin.com/in/julie-ryan-3a46504,,,
http://ageanabrett.com,,,,,,,
http://crossroadsrvpk.com,,,,,,,
http://fightguard.net,,,,,,,
http://nationalcapitalfitday.com,,,,,,,
http://ordercrustandbuns.com,,,,,,,
http://seattlecandle.com,,,,,,,
http://theneedlehouse.com,77005522; 17135229704,,,,,,2422 Tangley Street
http://allstarbp.com,,https://www.facebook.com/allstarsimulators,https://www.twitter.com/allstarbp,,https://www.instagram.com/allstarsimulators,https://www.youtube.com/channel/UC7H2JPOdOX_9jCVT3mHBaGg,"2180 Satellite Blvd, STE 400"
http://dallassurgicalgroup.com,2143506672; 2146672,,,,,,
http://daveandtracy.org,,,,,,,
http://garagedoor-repair-waynenj.com,9733197770,,,,,,"1591 Alps Rd; Our Address: 1591 Alps Rd, Wayne, NJ 07470, USA; 1591 Alps Rd Wayne , New Jersey 07470 USA"
http://jshs-tn.utk.edu,+18659741000; 37996974; +18659749493,https://www.facebook.com/tnjrscihum,https://twitter.com/UTK_PREP,,https://www.instagram.com/utk_prep,,1502 Cumberland Avenue
http://jtheater.com,,,,,,,
http://randrdance.com,,,,,,,
http://sbstransportllc.com,,,,,,,
http://when2heartsbeatas1.org,,,,,,,
http://abreakdisabilityandrespite.com,,,,,,,
http://aestatix.com,,,,,,,
http://cadottfamilyrestaurant.com,7159780027; %207159780027; 7150027,https://www.facebook.com/cadottfamilyrestaurant,,,https://www.instagram.com/cadottfamilyrestaurant,,
http://figureitoutagency.com,,,,,,,
http://galleongc.com,,,,,,,
http://jadynbags.com,,https://www.facebook.com/jadynbags,,,https://www.instagram.com/jadynbags,,
http://liverpoolchurch.com,,,,,,,
http://cwenergyusa.com,+14809981694,https://www.facebook.com/cwenergyusa,https://www.twitter.com/cwenergyusa1,https://www.linkedin.com/company/cwenergy,,,
http://indiyoung.com,,,,https://www.linkedin.com/in/indiyoung,https://www.instagram.com/indiyoung_,https://www.youtube.com/user/watch,
http://newasianjuyuan.com,7635958888,,,,,,"693 Winnetka Ave N, Golden Valley, MN 55427"
http://simplicitymovers.com,,,,,,,
http://smartdivorcestrategy.com,,,,https://www.linkedin.com/in/lauramiolla,https://www.instagram.com/thebrainwisecoach,,
http://tandoorrestaurants.com,,https://www.facebook.com/tandoorgrill,,,https://www.instagram.com/tandoor_indianslc,,
http://tribeofdantours.com,,,,,,,
http://boyettrecovery.com,,,,,,,
http://erikashome.com,7045761671; 7046020219,,,,,,"5925 Carnegie Blvd., Suite 250 , Charlotte , NC 28209; 5925 Carnegie Blvd., Suite 250"
http://hbcofrochester.org,217%20491%203343,https://www.facebook.com/JesuslovesRochester,,,,,
http://littlefeetforestschool.org,,,,,,,
http://motinidesigns.com,,,,,,,
http://nationalcarousels158.com,,,,,,,
http://2020relining.com,,,,,,,
http://advancenetsupport.com,786426786; 786426305; 7864263492; 3053066487; +17864263492; 6487306,https://www.facebook.com/profile.php,,https://www.linkedin.com/company/106028228,https://www.instagram.com/advancenetworksupport,,"11401 SW 40th St Suite #265-B Miami , FL 33165"
http://drtompastor.com,6123143739,,,,,,227 Colfax Ave N
http://mottshay.com,,,,,,,
http://patscrap.co.uk,,,,,,,
http://rethinkingwealth.org,,https://www.facebook.com/RethinkingWealth,,https://www.linkedin.com/company/18005206,,,
http://centralcoastmd.com,,,,,,,
http://ellen4wcsd.com,,,,,,,
http://missinglnk.com,,https://www.facebook.com/missinglnk,https://twitter.com/saferideapparel,,,https://www.youtube.com/user/Alann1959,
http://themorvarid.com,,,,,,,
http://thephotoboothunlimited.com,,,,,,,
http://urtubiavielma.com,+1307459,,https://twitter.com/UrtubiaVielma,https://www.linkedin.com/in/camila-vielma-reyes-25911941; https://www.linkedin.com/in/pablourtubia; https://www.linkedin.com/company/urtubiavielma,,,
http://advertiserandmarketersplatform.com,,,,,,,
http://carvedsoulsmusic.com,,,,,,,
http://assemblyninja.com,9092789985,,,,,,
http://biodyn-lifesciences.com,,,,,,,
http://pastorecompany.com,,,,,,,
http://sheetmetallocal399.com,,,,,,,
http://sweetadswebcast.com,,https://www.facebook.com/sweetadelinesintl,,,https://www.instagram.com/sweetadelinesintl,https://www.youtube.com/user/SweetAdelineIntl,
http://greenissue.eu,,,,,,,
http://kcc.org,,https://www.facebook.com/KagyuChangchubChuling,,,,,
http://river-valley-rv-park-tx.business.site,,,,,,,
http://scentvillage.com,,,,,,,
http://virtekcompany.com,,,,,,,
http://saipanyc.com,,,,,,,
http://hiddengallerywines.com,,https://www.facebook.com/hiddengallerywines,,,https://www.instagram.com/hiddengallerywines,,
http://kristyler.com,,,,,,,
http://perspicacitylabs.com,,,,,,,
http://theuntamedcreative.co,,,,,https://www.instagram.com/unbridledform,,
http://angelabrite.com,,,,,,,
http://clovercutsandcolor.com,,,,,,,
http://macazancorp.com,,,,,,,
http://ngchm.net,,https://www.facebook.com/NextGenerationClusteredHeatMap,https://twitter.com/nextgenheatmaps; https://twitter.com/intent,,,https://www.youtube.com/user/watch; https://www.youtube.com/channel/UCADGir2q8IaI9cGQuzjSL9w,
http://projectgestalt.com,,,,https://www.linkedin.com/in/neil-glenn-jacobson; https://www.linkedin.com/company/project-gestalt; https://www.linkedin.com/in/patty-clark-2874281bb,,,
http://ridgelinehomeinspect.com,,,,,,,
http://serenapezzato.com,,,,,,,
http://theblueprintshop.com,,https://www.facebook.com/tallahasseeblueprinting,,,,,
http://yourtowcompany.com,,,,,,,
http://designedbycarla.com,,https://www.facebook.com/designedbycarla,,https://www.linkedin.com/company/designedbycarla,https://www.instagram.com/designedbycarla,,
http://joyfuladoptions.com,,,,,,,
http://king-alexander.com,,,,,,,
http://signaturesportsurfaces.com,,,,,,,
http://whymessa.com,07203300; 08003810; 2153500,,,,,,"5952-54 Germantown Avenue; 605 New Road; 923 Fayette Street; 2091 Springdale Road, Suite 2"
http://deperevfw.net,,,,,,,
http://forrestpierce.com,,,,,,,
http://northsidemeadows.com,,,,,,,
http://snfdata.com,18776103282,,,,,,
http://taam.org,,,,,,,
http://archaeology.virginia.edu,,,,,,,
http://myapexhomeinspection.com,2085591353,https://www.facebook.com/MyApexHomeInspection,,,https://www.instagram.com/myapexhomeinspection,https://www.youtube.com/channel/UCIrL5NvS1iGHPlQOpR-ENrw,
http://rivertownslp.com,,,,,,,
http://scottsbluffcountyscanner.com,,https://www.facebook.com/groups; https://www.facebook.com/panhandlescanner,https://twitter.com/sbcoscanner,,https://www.instagram.com/panhandlescanner,,
http://bloggingforextrader.com,,,,,,,
http://green-graphixz-clothing-company.business.site,,,,,,,
http://ogcut.com,,,,,https://www.instagram.com/_ogeee,,
http://50ggirls.com,,,,,,,
http://alluredesign.org,,,,,,,Apache/2.4.7 (Ubuntu) Server at www.alluredesign.fr Port 80
http://moving2branson.com,,,,,,,
http://roland4fairview.com,,,,,,,
http://beezneedz.com,,,https://beezneedz.com/shopify,,https://www.instagram.com/shopify,,"3662 Edgar Rd, Sophia, NC. 27350"
http://callunakennels.com,,,,,,,
http://car.hk,+85269042; 52000190; 41990125; 可以出售合作<BR><ahref='https://formsnamespromocom/forms/askgarykam/0'target='_blank'class='buttonstmsliderbutton'><iclass='stmiconsteering_wheel'></i>發電郵給網主</a>; 19672000; 1800029; +85269042300; NotAvailable; 3800065; 1990118; 8780910; 1967155; 87809100770,,,,,,
http://audinashville.com,,,,,,,
http://blackdiamondregulatory.com,,,,,,,
http://drmeganseltz.com,+13477534657,,,,,,
http://petexplain.com,,,,,,,
http://rainbowphillyweddingofficiants.com,2158703103,,,,,,
http://sinceremobilephlebotomy.net,,https://www.facebook.com/sincerephlebotomy,,,,,
http://aquamarinejewelrystudio.com,,https://www.facebook.com/groups; https://www.facebook.com/aquamarinejewelrystudio,,,https://www.instagram.com/aquamarinejewelrystudio,,
http://christinereidphotography.com,,https://www.facebook.com/ChristineReidPhoto,,,https://www.instagram.com/christinereidphoto,,
http://dolphinsdigital.org,,,,,,,
http://downunderpottery.com,,https://www.facebook.com/Down-Under-Pottery-291748188809,,,https://www.instagram.com/downunderpottery,,"5731 Vine St, Lincoln, NE, 68505, United States"
http://drrudlin.com,,,,,,,
http://interstatetruck.com,30337763,,,,,,2740 Sullivan Road
http://oldfarmhouseprimitives.com,+1717940,https://www.facebook.com/OldFarmhousePrimitives,,,https://www.instagram.com/oldfarmhouseprimitives,,
http://dskidsermons.com,,https://www.facebook.com/dskidsermons,,,,,
http://autobodiparts.com,+13237447; 0281002; 190059006; 207301208; +13237447383; 7350365702,,,,,,"© Copyright 2025. All Rights Reserved 111 Your Street, Your City, Your State 11111, Your Country www.autobodiparts.com; 111 Your Street, Your City, Your State 11111, Your Country"
http://hiddenforestdesign.com,,,,,,,
http://jahmakingsconstruction.com,,,,,,,
http://journey2beme.com,,,,,,,
http://marylandplatingservicinginc.com,,,,,,,
http://salazarthomas.com,,,,,,,
http://3lnotary.com,,,,,,,
http://creativitythroughconstraints.com,,,,,,,
http://govirtualoffice.com,,https://www.facebook.com/govirtualoffice,https://twitter.com/goVirtualOffic1,https://www.linkedin.com/company/govirtualoffice,,https://www.youtube.com/channel/UCGzSKZZMvTCxaQ2tscq9Osg,"1021 Quinn Dr #200 Waunakee, WI 53597"
http://origingolf.com,,,,,,,"925 Poinsettia Ave, Suite 2"
http://secag.org,+1469708,https://www.facebook.com/keenwise,https://twitter.com/keenwise_inc,,,,"2150 S Central Expressway Suite 200 McKinney, Texas Ph : +1 (469) 708-7818 Email : svp@secag.org"
http://theburningship.com,,,,,,,
http://gforcefoundation.com,,https://www.facebook.com/GForceAR,,,,,
http://limitlesscounselingservices.com,,,,,,,
http://lodgelivin.com,,,,,,,
http://sben.org,,,https://twitter.com/SBENetwork,https://www.linkedin.com/company/southeast-benefits-education-network,,,
http://trusted-home-inspection.business.site,,,,,,,
http://dotsandcubes.com,,,,,,,
http://foreverepoxy.com,,,,,,,
http://gkama.com,,,,,,,
http://graspinc.org,,https://www.facebook.com/GRASPinc,,,https://www.instagram.com/grasppetrescue,,
http://realtorhsu.net,+15129689053,https://www.facebook.com/christinehsu1,,,https://www.instagram.com/chris_hsu,,
http://shah-impex.com,,,,,,,
http://yogawithorly.com,,,,,,,
http://happydaycreations.net,,,,,,,
http://libanswers.shadygrove.umd.edu,+13017386020; 301738301; 6020799,https://www.facebook.com/USGPriddyLibrary,,,,,
http://putitontheglass.com,,,,,,,
http://gougeon.com,,,,,,,
http://sonicshopper.com,,,,,,,
http://d30ufu6vr9yoyg.cloudfront.net,50677772; 8007722085,https://www.facebook.com/wartburgcollege; https://www.facebook.com/WartburgCollege,https://twitter.com/WartburgCollege; https://twitter.com/wartburgcollege,,https://www.instagram.com/wartburgcollege,https://www.youtube.com/user/wartburgweb,100 Wartburg Blvd.
http://darstproperties.com,,,,,,,
http://teriorr.weebly.com,,,,,https://www.instagram.com/thebeboplab,,
http://worldsframedbywords.com,,,,,,,
http://auroratechservices.com,2817400,,,,,,"2121 Sage Road, Suite 150 Houston, TX 77056"
http://godsministryfellowship.com,1877807,,,,,,
http://homeworkninjas.com,,,,,,,
http://vickcarneylaw.com,8175965533; 817596817,,,,,,
http://azrielassetmgmt.com,11234564; 7185646232,,,,,,"3512 Quentin Road, Suite 202"
http://carrettausa.com,,,,,,,
http://puppetheap.com,,https://www.facebook.com/puppetheap,,https://www.linkedin.com/company/puppetheap,https://www.instagram.com/puppetheap,https://www.youtube.com/user/puppetheap,
http://marinbaroque.org,,,,,,,
http://myacem.com,,,,,,,
http://par1cleaners.business.site,,,,,,,
http://acupuncture-oriental-massage.business.site,,,,,,,
http://bluemercury.com,,https://www.facebook.com/bluemercury,,,https://www.instagram.com/bluemercury,,
http://cryptonewsupdate.com,,,,,,,
http://greenbikerentals.com,,,,,,,
http://riolentoranch.com,,,,,,,
http://teambuildergroup.com,,,,,,,
http://vpropertysolutions.com,+14842020710,https://www.facebook.com/vantagepropertysolutions,,,https://www.instagram.com/vantagepropertysolutions,,
http://embodyacupuncture.com,,,,,,,511 Sixth Ave.
http://neilheffernan.net,,,,,,,
http://paynespringsumc.org,,,,,,,
http://castoreclothing.com,,,,,,,
http://palaciopet.com,,,,,,,
http://wilkins-grocery.edan.io,8044938660,,,,,,"55 Crookhorn Rd, Montross, VA 22520"
http://artandglamstudio.com,,,,,,,
http://fayreconsulting.com,,,,,,,
http://it10103.wordpress.com,,,,,,,
http://overlakecollie.com,,,,,,,
http://hollytreeservice.net,,,,,,,
http://lalupitaberwyn.net,,,,,,,
http://paradiseatlasttravel.com,9123088311,https://www.facebook.com/Brandi-Cutrell-Cruise-Planners-1550468978606361,,,,,
http://pcinapa.com,87002864; 88210746; 87031865,,,,,,"3507 Main St NE Los Lunas, NM 87031; 3507 Main St. NE Los Lunas, NM. 87031"
http://sanchez-lawn-care-and-landscaping-services.business.site,,,,,,,
http://carissahannumtherapy.com,,,,,,,
http://hometheatersystemgainesville.com,,,,,,,
http://mctierart.com,2127601228,https://www.facebook.com/mctierart,https://twitter.com/McTierArt,https://www.linkedin.com/in/jacemctier,https://www.instagram.com/mctierart,https://www.youtube.com/channel/UCdn2ooY474ZECXgGyw_RGaQ,
http://myfriendsandme.net,,,,,,,
http://pestcontrolmodestoca.org,,,,,,,
http://horizon-international.com,,,,,,,
http://imcl-conference.org,,,,,,,
http://knickonwood.com,,,,,,,
http://lukesmma.com,,,,,,,
http://accubuiltnw.com,253%208024841; 2538024841,,,,,,
http://carriecrespo.com,,,,,,,
http://celebaesthetics.com,,,,,,,
http://dorsettchapel.org,,https://www.facebook.com/dorsettchapel,,,https://www.instagram.com/dorsettchapel,,1280 Hollywood Drive
http://hudsonlux365.com,+1305%209280661; +1305928,https://www.facebook.com/hudsonlux365,,,https://www.instagram.com/hudsonlux365,https://www.youtube.com/channel/UCkI4UgyOkG5CoRbOZIijCYQ,"66 W Flagler street Suite 900 Miami, Fl dispatch@hudsonlux365.com +1(305) 928-0661"
http://velabrand.com,,,,,,,
http://awbrueggemann.com,73701237,,,,,,
http://rhcapco.com,,,,,,,
http://bintiboutique.llc,,,,,,,
http://elegantdjservices.com,,,,,,,
http://fccherrick.org,,,,,,,
http://shiftflg.com,,,,,,,
http://coastaldefense.business.site,,,,,,,
http://itlogo.net,15350552180; 15350552,,,,,,
http://southernuc.com,9128982227; //19128982277; //18433574357; //19128982227,https://www.facebook.com/pages; https://www.facebook.com/SouthernUrgentCare,,,https://www.instagram.com/accounts,,
http://prlassociates.net,6077858381,https://www.facebook.com/PRLAssociates,,,,,"110 Grant Avenue, Endicott, NY 13760"
http://sewardlostlakelodge.com,,,,,,,
http://cahabacreative.com,,https://www.facebook.com/cahabacreative,https://twitter.com/cahabacreative,https://www.linkedin.com/in/cahabacreative,,,
http://eattacorepublic.com,,https://www.facebook.com/TheTacoRepublic,,,https://www.instagram.com/eattacorepublic,,
http://ehardts.com,,,,,,,
http://secondnaturedesignsmv.com,02539627,https://www.facebook.com/SecondNatureDesignsMV,,https://www.linkedin.com/in/renee-clermont-5896095a,https://www.instagram.com/secondnaturedesignsmv,,
http://skgfitness.training,,https://www.facebook.com/SKGFitnessTraining,,,,,
http://crazy.builders,,,,,,,
http://laurafoxreel.com,,,,,,,
http://littleredfarmhousegifts.net,,,,,,,
http://msconfinance.com,,,,,,,
http://reflexdelivery.com,,,,,,,
http://rollupdoorrepairnyc.com,,,,,,,"NYC , NY 11101"
http://yoursbasource.com,,,,,,,
http://acifund.com,,,,,,,
http://capricommercialcapital.com,,,,,,,
http://cherrycreektributaries.com,,,,,,,
http://amplifiedconcepts.com,,https://www.facebook.com/AmplifiedConcepts,,https://www.linkedin.com/company/amplifiedconcepts,https://www.instagram.com/amplifiedconcepts,,
http://marriagecounselingmemphis.com,,,,,,,
http://silverbaytech.com,,,https://twitter.com/SilverBayTech,,,,
http://borderwarswrestling.com,,,,,,,
http://brentwood365.com,,https://www.facebook.com/search618,,,,,"Home for Sale: 


                                                  1521  Oriole Lane, 
                                                Brentwood, MO 63144; Home for Sale: 


                                                  8823  Pine Avenue, 
                                                Brentwood, MO 63144; 2904  Collier Avenue (Price: $848,900); 2503  Louis Avenue (Price: $275,000); Home for Sale:  


                                                  1521  Oriole Lane, 
                                                Brentwood, MO 63144; Property For Rent or Lease:  


                                                  2817  Hilldale Avenue, 
                                                Brentwood, MO 63144; 1521  Oriole Lane (Price: $189,500); Property For Rent or Lease: 


                                                  2817  Hilldale Avenue, 
                                                Brentwood, MO 63144; 8823  Pine Avenue (Price: $425,000); Home for Sale:  


                                                  8823  Pine Avenue, 
                                                Brentwood, MO 63144; 2017  Woodsey Drive (Price: $945,000); 2501  Cecelia Avenue (Price: $219,000)"
http://bubsnola.com,,,,,,,
http://deliverance-ministry-new-york.com,,,,,,,
http://glovemitten.com,,,,,,,
http://loudandclaire.com,,,,,,,
http://myfocuspsych.com,,,,,,,
http://xpressbenefits.net,,,,,,,
http://crestonhousefl.com,8005872287,https://www.facebook.com/coastalrealtyandpropertymanagement,,,https://www.instagram.com/CoastalRealtyFL,https://www.youtube.com/user/Coastalrealtyfl,
http://dreamlab.design,+1240796,https://www.facebook.com/dreamlabcreativeideas,,https://www.linkedin.com/company/80255973,https://www.instagram.com/dreamlab.creative,,
http://karrgroupco.com,,,,,,,
http://paigeleblanc.com,,,,,,,
http://quick9.io,,,,,,,
http://tefftfoundation.com,1603472,,,,,,", a 501(c)(3) organization, is tax deductible • 5 Meetinghouse Road • Bedford, NH 03110"
http://winningham-iron-metal.business.site,,,,,,,
http://budgetmobilehometransport.com,+14058802041,,,,,,24300 County RD 230
http://fineartsbiz.com,,,,,,,
http://sammycarlosdelicatessencatering.net,,,,,,,
http://eventsbyabel.com,,,,,,,
http://aproa.org,,,,,,,
http://ftworthepoxyflooring.com,,,,,,,
http://gsiprint.com,2489600077; 2489600079,,,,,,"3100 Old Farm Lane, Suite 10 Walled Lake, MI 48390-1652"
http://hellorichmond.net,,,,,,,
http://highbrow-beauty.com,,,,,,,
http://kikimo.com,,https://www.facebook.com/kikimoinc,https://twitter.com/KikimoInc,,https://www.instagram.com/kikimoinc,,
http://krambu.com,+18334572628; +1833457,https://www.facebook.com/Krambu-168023693759269,,https://www.linkedin.com/company/Krambu,,https://www.youtube.com/channel/UCx8-bF4AGK50mLIQ8QMAoRQ,
http://mhkeratin.com,,,,,,,
http://muhlbauerlab.com,,,,,,,
http://positivesideofgolf.com,,,,,,,
http://carolynlewismed.com,,,,,,,
http://dionisioducusin.com,,,,,,,
http://forsythvet.com,,https://www.facebook.com/LazadaIndonesia,https://twitter.com/LazadaID,https://www.linkedin.com/company/lazada,https://www.instagram.com/lazada_id,,
http://hitsforhomeless.com,,,,,,,
http://innsofcourt.org,,,,,,,
http://oldtraditiontattoo.com,,,,,,,
http://phalanxgrpservices.org,,,,,,,
http://wadeloans.com,+1726200; 7262001005,,,,,,
http://dbdtravel.net,,,,,,,
http://easystreetcookies.com,,,,,,,
http://millarandsons.net,,,,,,,
http://parklandhairclinic.info,,,,,,,
http://slrslingshotrentals.com,,,,,,,
http://atlanticsltd.com,,,,,,,
http://gooddogsfarm.com,,,,,,,
http://singinglessonstemecula.com,,https://www.facebook.com/viviengainesvocalstudio,,,,,
http://ssmobile.store,,,,,,,
http://atlantanephrologyassociates.com,,,,,,,
http://brushsolutions.net,,https://www.facebook.com/brushsolutions,,,,,
http://change-points.com,,,,,,,
http://fkideas.com,,,,,,,
http://fortcollinsshowerdoor.com,9702179360,,,,,,"2956 Ginnala Dr, B1, LOVELAND, CO 80538"
http://pinilishalpern.com,+19734011111; 9731111,,,,,,160 Morris St.
http://truelifetx.org,,,,,,,
http://17thstreetthaisushifl.com,,,,,,,
http://colonsource.com,,,,,,,
http://libertybaptist.org,,,,,,,
http://sunnirey.shop,,,,,,,
http://cloudspeed24x7.com,,,,,,,
http://gambittechconsulting.com,,,,,,,
http://heather-brooks-painted-furniture.ueniweb.com,,,,,,,
http://ilikeflatroofs.com,,,,,,,
http://juniorchefsofamerica.org,,https://www.facebook.com/juniorchefsoa,https://twitter.com/jrchefsoa; https://twitter.com/junior_chefs,,https://www.instagram.com/jcoarocks; https://www.instagram.com/juniorchefsofamerica,,
http://kccashbuyer.com,,,,,,,
http://the-chimneymasters.com,,,,,,,
http://willowglenhomeandgarden.com,95125286,https://www.facebook.com/willowglenhomeandgarden,,,,,1123 Lincoln Avenue
http://writingonboard.com,,,,,,,
http://jettbt.com,7706676178; 6783875717; 6783875715,https://www.facebook.com/JETTBusinessTechnology,https://twitter.com/JETTBusinessTec,https://www.linkedin.com/company/jett-business-technology,,,
http://medicalcoatings.org,,,,,,,
http://rightstudents.org,,,,,,,
http://sofloweb.com,,https://www.facebook.com/soflowebteam,https://twitter.com/soflowebteam,https://www.linkedin.com/company/sofloweb,https://www.instagram.com/soflowebteam,,
http://topbricole.site,,,,,,,
http://bhmedicalsupplies.com,,,,,,https://www.youtube.com/user/shopify,"46 River Rd., Berwick"
http://carolynsnails.com,,https://www.facebook.com/groups,,,,,
http://citycanyons.com,,https://www.facebook.com/UlrichMusic; https://www.facebook.com/SynaestheticPictureShow; https://www.facebook.com/ElektronicBuzz,,,https://www.instagram.com/elektragaaz_; https://www.instagram.com/elektragaaz,https://www.youtube.com/user/embed,
http://blazingstargrange.org,,,,,,,
http://cityofmountlaketerrace.com,4256708260; 4257761161; 4254073999; 911; 4257769173,,,https://www.linkedin.com/company/18235017,,,
http://globalonefinancialsolutions.com,,,,,,,
http://handymanexpressservice.net,,,,,,,
http://kufflet.com,,https://www.facebook.com/kufflet,,,https://www.instagram.com/kufflet,,
http://msjudithsewins.com,,https://www.facebook.com/Fabuloushairandweavesalon,https://twitter.com/FabulousWeaves,https://www.linkedin.com/in/judithmarie,,,
http://actioncomedyfilms.com,,,,,,,
http://balancedwellnessami.com,,https://www.facebook.com/BalancedWellnessAmi,,,https://www.instagram.com/balancedwellnessami,https://www.youtube.com/channel/UCxiibg-3KQPQPk892rs2YGQ,"(845) 532-4167 • 521 Main St, New Paltz, NY 12561"
http://drcharlieharper.com,3108834472,https://www.facebook.com/drcharlieharper,,,,,"1800 N Sepulveda Blvd, Ste 202 Manhattan Beach , CA 90266"
http://myparee.com,,,,,,,
http://toothfairycleaningservice.com,,,,,,,
http://amfaviation.com,,,,,,,
http://cenladerm.com,3189333376,https://www.facebook.com/CenLaDerm,,,https://www.instagram.com/CenLaDerm,,
http://central-texas-mobile-notary-notary-public.business.site,,,,,,,
http://cryptobroaden.com,,,,,,,
http://european-deli.com,,,,,,,
http://redrhinomovers.com,,,,,,,
http://the-greenwich.com,,,,,,,
http://thefeldenkraiscenter.com,7149298; 7149298893; +17149298893,,,https://www.linkedin.com/in/lori-malkoff-md-mph-6512261a7,,,"5731 Lodi Street,"
http://asuzus.com,,,,,,,
http://coltonfamilydental.com,20252026,,https://twitter.com/share,,,,"895 W Valley Blvd Ste C Colton , CA 92324"
http://esihealthcaresolutions.com,,,,,,,
http://jonfoxmusic.com,,,,,,,
http://campaigntostopgunviolence.org,,,,,,,"1424 L St. NW, Suite 2-1 | Washington, DC 20005 | (202) 408-0061 x1010 |"
http://clarionstl.com,,,,,,,
http://earthrenovation.net,+13125209918,,,,,,"51 Highwood Ave, Highwood, IL 60040; 51 Highwood Ave"
http://globaltrustbnk.com,,,,,,,
http://morenohillssda.org,9514854646,https://www.facebook.com/morenohillssdachurch,,,https://www.instagram.com/morenohillssda,,25873 Alessandro Blvd.
http://romanolawpllc.com,,,,,,,
http://beaconhillrealtygroup.com,,,,,,,
http://bodegaunclick.com,,,,,,,
http://designsbydjflorist.com,3047362550,https://www.facebook.com/CustomDesignsbyDJackson,,,,,
http://hunterdecuir24.com,,,,,,,
http://mytomisushi.com,1310823,https://www.facebook.com/Tomi-sushi-535509370252851,,,https://www.instagram.com/mytomisushi,,"12740 Culver Blvd,"
http://therealbcmg.com,,,,,,,
http://tvwelove.com,,,,,,,
http://earthagent.org,,,,,,,
http://epocheducation.com,,,,,,,
http://familyintimacy.com,,,,,,,
http://mompopshop.com,,https://www.facebook.com/momandpopshoptruck,,,https://www.instagram.com/p; https://www.instagram.com/momandpopshoptruck,https://www.youtube.com/channel/UC6kKFe4vtRx6lteGEd-c5QA,
http://alibaba-kebab.com,,https://www.facebook.com/AlibabaKebab716,https://twitter.com/alibabakebab716,,https://www.instagram.com/alibabakebabbuffalo,,"827 Military St., Kenmore; 1100 Southwestern Blvd., West Seneca; 900 William St., Buffalo"
http://villavieira.com,,,,,,,
http://blueridgechair.com,,https://www.facebook.com/pages,,,https://www.instagram.com/blueridgechairworks,,134 School Road East
http://dewingscenter.org,143231768,https://www.facebook.com/events; https://www.facebook.com/DewingsCenter,https://twitter.com/share,,,,"202 Albert St • LeRoy, Michigan • 49655"
http://htiyos.com,,,,,,,
http://keepsakeweddingphotography.com,8122509883,https://www.facebook.com/keepsakeweddingphoto,,,https://www.instagram.com/keepsakeweddingphoto,,"713 Lynn St, Madisonville, KY 42431"
http://maryfrancespencer.com,,,,,,,
http://mjwm225.com,,,,,,,
http://quality-trucking.com,,,,,,,
http://truefablespottery.com,,,,,,,
http://unitedcloudtechnologies.com,,,,,,,"4 Jefferson St; 4 Jefferson St poughkeepsie, NY, 12601, US,"
http://bettygb.com,,,,,,,
http://jbdecker.com,,,,,,,
http://royaltylandscapinganddesign.com,,,,,,,
http://torres-hvac.business.site,,,,,,,
http://gametableadventures.com,,,,,,,
http://gov.aiogoconsultingllc.com,,,,,,,
http://outervisionsdesign.com,,https://www.facebook.com/outervisionslandscapedesign,https://twitter.com/OuterVisions,,,https://www.youtube.com/user/outervisionsdesign,
http://strivelacrosseacademy.com,+1856304,,,,https://www.instagram.com/strivelacrosseacademy,https://www.youtube.com/user/watch,
http://analogique.com,,,,,,,
http://carpetworkshopofohio.com,,,,,,,
http://maiaschmidt.com,,,,,https://www.instagram.com/maiaschmidtviolin,https://www.youtube.com/channel/UC4X0fJCECQBExEivNh0YBhA,
http://theconservancyproject.org,,,,,,,
http://bellocasa.com,,,,,,,
http://castor-group.com,,,,,,,
http://down-southmoving.business.site,,,,,,,
http://reeleminbaitandtackle.com,,https://www.facebook.com/Reel-Em-In-Bait-Tackle-657340811058678,,,,,
http://thedoorse.com,,,,,,https://www.youtube.com/channel/UC9fH-PVyeK52ebb5bFzxRfw,1702 GOLIAD RD
http://abcbni.com,,,,,,,
http://annatietzhomes.com,,,,,,,
http://chevrv.com,,,,,,,
http://cousineauforestproducts.com,,https://www.facebook.com/Cousineaus-Forest-Products-162068540484123,,,,,
http://goldenscrollsoloists.com,,https://www.facebook.com/GSSstrings,,,https://www.instagram.com/goldenscrollsoloists,,
http://greenershinglessanantonio.com,,,,,,,
http://hillartistry.com,,https://www.facebook.com/hillartistry,https://twitter.com/Linda_Hill,,,,
http://kcsweep.com,4175827853,https://www.facebook.com/SureGlowStoveandChimney,,,https://www.instagram.com/sureglowstoveandchimney,,
http://magarc.org,497073537139,https://www.facebook.com/groups,,,,,
http://mazalai.com,,https://www.facebook.com/mazalaicorp,,https://www.linkedin.com/company/mazalai-corp,https://www.instagram.com/mazalai_,,"3001 Bishop Drive, Suite 300, San Ramon, CA, 94583"
http://michaelskuceradentistry.com,,,,,,,
http://pastashopfresh.com,,https://www.facebook.com/markethallfoods,,,https://www.instagram.com/markethallfoods,,
http://rvcoc.org,,,,,,,
http://statelinekids.com,,https://www.facebook.com/StatelineKids; https://www.facebook.com/statelinekids,,,https://www.instagram.com/stateline_kids,,"Quiet park with two play structures, basketball court, baseball diamond and huge grass space Address: 5350 Windsor Road, Loves Park..."
http://caninereproductivecenter.com,,,,,,,
http://kokuanutrition.com,"p4254226895,f8335630471; +14254226895; 1790331",https://www.facebook.com/Shelby-Slenkamp-MS-RDN-CD-104966600868165,,,https://www.instagram.com/shelbyerin_rdn,https://www.youtube.com/user/seslenkamp,
http://defioptions.org,,,,,,,
http://mrsbecerra.com,,,,,,,
http://royalinvestmentgroupinc.com,,,,,,,
http://tangles-salon.com,,,,,,,
http://teitelbaumco.com,,,,,,,"24400 Chagrin Blvd., Suite 300 • Cleveland, Ohio 44122"
http://vividsalonmadison.com,,,,,,,
http://crazypokemiami.com,,,,,,,
http://executivecarservicelax.com,+18008781995,,https://executivecarservicelax.com/limo; https://executivecarservicelax.com/anaheim; https://executivecarservicelax.com/lax; https://executivecarservicelax.com/pricing; https://executivecarservicelax.com/huntington; https://executivecarservicelax.com/blog; https://executivecarservicelax.com/orange; https://executivecarservicelax.com/terms; https://executivecarservicelax.com/contact; https://executivecarservicelax.com/long; https://executivecarservicelax.com/pasadena; https://executivecarservicelax.com/thousand; https://executivecarservicelax.com/irvine; https://executivecarservicelax.com/car; https://executivecarservicelax.com/executive; https://executivecarservicelax.com/sprinter; https://executivecarservicelax.com/newport; https://executivecarservicelax.com/john; https://executivecarservicelax.com/about,,,,
http://ubercigar.com.au,0433771,https://www.facebook.com/groups,,,https://www.instagram.com/ubercigar,,
http://vitalaehealingarts.com,,,,,,,
http://ambazoniafoundation.org,,,,,,,
http://cepstone-llc.com,,,,,,,
http://djs-general-service-llc.business.site,,,,,,,
http://graphicmontzter.com,,,,,,,
http://logicworks.cc,,,,,,,
http://nsea.org,4024757611; 1800742; 18007420047,https://www.facebook.com/nsea.org,https://twitter.com/nsea_org,,https://www.instagram.com/nsea_org,https://www.youtube.com/user/nseamedia,
http://rjssigns.com,,,,,,,
http://wheelrepairphoenix.com,,,,,,,
http://lorettola.org,,,,,,,
http://pdassociation.org,,https://www.facebook.com/privatedirectorsassociation,https://twitter.com/privdirassoc,https://www.linkedin.com/company/private-directors-association,,,
http://spots.edu,,https://www.facebook.com/saintphotiosseminary,,,https://www.instagram.com/saintphotiosseminary,https://www.youtube.com/channel/UCgEVlUNCkLecfOwOTDYE6jg,
http://centurywebdesign.net,,,,,,,
http://holehunterindustries.com,,https://www.facebook.com/HoleHunt1,https://twitter.com/holehunterhhi,https://www.linkedin.com/company/holehunterindustriesllc,,,
http://transtekautosales.com,,,,,,,
http://avdtechnologies.com,+918348758478; +918348758; +13125985611; +1312598,,,,,,
http://cifsds.org,8582928165,https://www.facebook.com/CIFSDS,https://twitter.com/cifsds,,https://www.instagram.com/cifsds,https://www.youtube.com/user/playlist,
http://meroscience.org,,https://www.facebook.com/MEROScienceProgram,,,,,
http://runlikeclockwork.com,,,,https://www.linkedin.com/in/adriennedorison,https://www.instagram.com/rlclockwork,,
http://themasker.com,,,,,,,
http://ercc.biz,,,,,,,
http://floridaloansigning.com,,,,,,,
http://kathrynanndesigns.com,,https://www.facebook.com/Kathrynanndesignsfun,,,https://www.instagram.com/kathrynanndesigns,,
http://lynnavo.com,,https://www.facebook.com/lynnavo,,,https://www.instagram.com/lynnavo,https://www.youtube.com/user/lynnavo,
http://mejina.net,,,,,,,
http://rollmanconyers.com,8005718062,,,,,,
http://csquarednetworks.com,18009920970; 1800992,,,,,,990 Cedarbridge Ave
http://gallerycollage.com,,,,,,,
http://harvardpsc.com,,,,,,,
http://osalra.com,,,,,,,
http://qualifiedportablegarages.com,,,,,,,
http://enigomusic.com,,https://www.facebook.com/enigomusic,,,https://www.instagram.com/enigomusic,,
http://harlongroup.com,,,,,,,
http://marketing-page-lindsey.vercel.app,,,,,,,
http://reelsafarischarters.com,,,,,,,
http://rpuma.org,,,,,,,
http://theceosalon.com,,,,,,,
http://whitwell-accounting-llc.business.site,,,,,,,
http://bellevueisd.org,,,,,,,
http://denhamsflorist.com,,https://www.facebook.com/pages,,,https://www.instagram.com/denhamsflorist,,
http://groundswellglobalresearch.org,+1949412,,https://www.twitter.com/david_blazar; https://twitter.com/cwestrope,https://www.linkedin.com/in/claywestrope,,,
http://h-glogistics.com,,,,,,,
http://mtcdz.net,,,,,,,
http://mtzionbaptistrentz.com,,,,,,,
http://myzerly.com,,,,,,,
http://yroox.com,,,,,,,
http://evadoyle.com,,,https://twitter.com/EvaDoyle916,https://www.linkedin.com/in/eva-doyle-mba-4ab318a,,https://www.youtube.com/user/ecd916,
http://liveatmontclairapt.com,8445991596,https://www.facebook.com/TheMichaelsOrg,,,,,
http://montereypeninsulaelderlyhome.com,,,,,,,
http://ogawadesign.com,,https://www.facebook.com/pages,https://twitter.com/OgawaDesign,,,,"6815 Biscayne Blvd; 4250 Biscayne Blvd, Ste 1601"
http://allyourblogging.com,9725371,,,,,,
http://drariatirakic.com,,,,,,,
http://harperfinancialassociates.com,3002121; 7814352000,,,,,,99 Derby St.
http://lonepeakdoodles.com,,,,,,,
http://schoi.mit.edu,,,,,,,"77 Massachusetts Avenue, Cambridge, MA, USA"
http://coralgablesrealestatefl.com,,,,,,,"1400            Coruna Ave      
	   
      CORAL GABLES, FL 33156; 3180        Ohio St     
    MIAMI, FL 33133; 8820            Arvida Dr      
	   
      CORAL GABLES, FL 33156; 1117            Alfonso Ave      
	   
      CORAL GABLES, FL 33146; 131            Paloma Ave      
	   
      CORAL GABLES, FL 33143; 3934            Riviera Dr      
	   
      CORAL GABLES, FL 33134; 1225            Placetas Ave      
	   
      CORAL GABLES, FL 33146; 4911            Riviera Dr      
	   
      CORAL GABLES, FL 33146; 920            Alava Ave      
	   
      CORAL GABLES, FL 33146; 3590        Plaza St     
    MIAMI, FL 33133; 601            Conde Ave      
	   
      CORAL GABLES, FL 33156; 3717            Toledo St      
	   
      CORAL GABLES, FL 33134; 3911            Riviera Dr      
	   
      CORAL GABLES, FL 33134"
http://studentvetinsurance.com,,,,,,,
http://totalseal.com,,https://www.facebook.com/totalseal.pistonrings,,,https://www.instagram.com/total.seal,https://www.youtube.com/channel/UCwcu9GQ0tsjaWGcn0bKAr3Q,
http://vghgroup.org,,,,,,,
http://aiesteam.org,,https://www.facebook.com/aiesteam,https://twitter.com/aiesteam,https://www.linkedin.com/company/aiesteam,https://www.instagram.com/aiesteam; https://www.instagram.com/p,,
http://beckynadesan.com,,,,,,,
http://coricarl.com,,,https://twitter.com/sheepdontswim,,,,
http://fivestaracsd.com,6193151978,https://www.facebook.com/Five-Star-Heating-and-Air-Conditioning-992293414148340,,,,,
http://returndeals.net,6122073540,,,,,,4912 Winnetka Ave N.
http://banconex.com,,,,,,,
http://energy-health-oriental-massage.business.site,,,,,,,
http://jerkkingsnj.com,,,,,,,
http://kingfisherseo.com,,,,,,,
http://hoodriverclothing.com,,,,,,,
http://satyasilence.com,,,,,,,
http://slushpoolglobal.com,,,,,,,
http://trbism.com,,,,,,,
http://informatichiamoci.it,,,,,,,
http://mghomeremodelling.info,,,,,,,
http://mysavagenails.love,,,,,,,
http://smallislandent.com,,,,,,,
http://winecheeseandfivemoreminutes.com,,,,,,,
http://frenchlakeautoparts.com,,,,,,,
http://imageworksdirect.com,,https://www.facebook.com/imageworksdirect,,https://www.linkedin.com/company/image-works-direct,https://www.instagram.com/imageworksdirect,,
http://matthaynes.uk,,,,,,,
http://montcapitalpartners.com,,,,,,,
http://valleymedicalinstitute.com,2033782210; 8008868773,,,,,,4637 Main Street
http://downeygroupllc.com,,,,,,,
http://ravenshire-llc.com,,,,,,,
http://academyofamazement.com,,,,,,,
http://amlimdrmarina.com,3107756760,,,,,,
http://focusmedicalbillingservices.com,,,,,,,
http://hueboost.com,,https://www.facebook.com/Hue-Boost-LLC-107173007758428,,,https://www.instagram.com/hue_boost,,
http://sgdesignshouston.com,,https://www.facebook.com/Sg-designs-houston-106312109929866,,,https://www.instagram.com/sgdesignshouston,,
http://108production.com,,https://www.facebook.com/108Production,https://twitter.com/108production,https://www.linkedin.com/company/108-production,,,
http://creativehealthplans.com,,,,,,,
http://fitcivic.com,,,,,,,
http://penchiroclinic.com,3603854900,https://www.facebook.com/peninsulachiropracticclinic,,,,,
http://rmiflooring.com,,,,,,,
http://smv-inc.com,,,,,,,
http://stevensfamilyfarm.webs.com,,,,,,,
http://arbca.com,8170684,https://www.facebook.com/cba1689,https://twitter.com/cba1689,,https://www.instagram.com/cba1689,,
http://divinemomentsdaycare.com,,,,,,,
http://ncca-inc.com,,,,,,,
http://thebentleyparkcommunityassociation.org,,,,,,,
http://whaleygfx.com,,,,,,,
http://ccspatherapies.com,6192086026,,,,,,
http://fine-art-construction.business.site,,,,,,,
http://lesliehaywood-moore.online,42001442,https://www.facebook.com/1564795010418671; https://www.facebook.com/share.php,https://twitter.com/intent,,https://www.instagram.com/moorerealestateco,,"Perched on a rise on a 12-acre spread, 328 Trevathan Road, Martin, TN is a 5 bedroom, 3.5 bath tranquil retreat with over 3500 square feet of comfortable living space and offers an investment...; SOLD! A Connection to the Land and a Lifestyle- 328 Trevathan Road, Martin, TN; 619 Madison Paducah, KY 42001 United States"
http://mrdurant.weebly.com,,,,,,,
http://neptune-society.com,,,,,,,
http://beehivebargains.com,,https://www.facebook.com/BeehiveBargains,,,https://www.instagram.com/beehive_bargains,,199 Shunpike Rd.
http://cheftea.com,,,,,,,
http://gabeyandell.com,,,,,,,
http://hericonstructionllc.com,6316031898,,,,,,"Selden, NY 11784 (631) 603-1898 info@hericonstructionllc.com We accept Cash & Checks! Monday To Saturday from 7:00 am to 7:00 pm We Cover Suffolk County License #58725"
http://oddwomannailsandmore.com,,,,,,,
http://northwest-georgia-regional-commission.business.site,,,,,,,
http://thej3group.com,,,,,,,
http://hotlink2019.com,,,,,,,
http://brian-hollenbeck.com,,,,,,,
http://internationalmediasupply.com,,,,,,,
http://jackjewelryinc.com,,,,,,,
http://pacificelectric.biz,,,,,,,
http://skylinevisioncare.com,4024464600,https://www.facebook.com/skylinevision,https://twitter.com/SkylineVision_,,https://www.instagram.com/skylinevisioncare,,
http://timhalberg.com,,,,,,,
http://maido-shimizuya.com,,,,,,,
http://ancientcityappraisals.com,,,,,,,
http://bzzster.com,,https://www.facebook.com/shareaholic,https://x.com/shareaholic,,,,
http://caring-hands-seniorsolutionsgroupinc.business.site,,,,,,,
http://cdl-express.com,,,,,,,
http://hearthstoneproperty.com,,,,,,,
http://kourco.com,,,,,,,
http://ortsac.com,,,,,,,
http://pioneerpropertydevelopment.com,4709259733,https://www.facebook.com/pioneerpropertydevelopment,,,,,
http://toptok.info,,,,,,,
http://batesdds.com,,https://www.facebook.com/RyanLBatesDDS,,,,,
http://peakdds.com,,,,,,,
http://stickerdreams.com,,,,,,,
http://webranium.co.uk,,,,,,,
http://wwnboa.org,,,,,,,"216 12th St.; Or Write To:; Winged Warriors/N.B.O.A.; Boone, IA 50036; International Headquarters; hemixx29@gmail.com"
http://americanguardrailsupply.com,,,,,,,
http://dablawoffice.com,,,,,,,6 Grove Avenue
http://fedorovfilms.com,,,,,,,
http://charleygasparlandscapingllc.com,,,,,,,
http://masterguyscardetail.com,,,,,,,
http://post32nc.org,,https://www.facebook.com/groups,,,,,"2300 Ramsey St Bldg 70, Fayetteville, NC 28301; 3814 Legion Road"
http://coloradolivingblog.com,,https://www.facebook.com/coloradolivingblog,,https://www.linkedin.com/company/windermere-real-estate,https://www.instagram.com/coloradolivingblog,https://www.youtube.com/channel/UCo0yEH90K7mYwpO98INmkoA,
http://concordncwildliferemoval.com,,,,,,,
http://ihostnewyork.com,,https://www.facebook.com/pages,https://twitter.com/iHostNewYork,,https://www.instagram.com/ihostnewyork,,
http://jmbusinesspartners.com,,,,,,,
http://sapphiresleepovers.squarespace.com,,https://www.facebook.com/SapphireSleepovers,,,https://www.instagram.com/sapphiresleepovers,,
http://yokohamayakitorikoubou.com,,https://www.facebook.com/YokohamaYakitoriKoubou,,,https://www.instagram.com/yokohama_yakitori_koubou,,"3904 Convoy St., #108, San Diego, CA 92111   TEL: (858)277-8822"
http://briggsmobiledetailing.com,,,,,,,
http://kairios.com,,,,,,,
http://lemongrassmichigan.com,2487435; 2483357435,https://www.facebook.com/pages,,,https://www.instagram.com/lemongrass_mi; https://www.instagram.com/lemongrassmi,,
http://pawsinmotionla.com,,,,,,,
http://uniqueservices.us,+1248727,,,,,,
http://curtistaylorart.com,,,,,https://www.instagram.com/curtistaylorart,,
http://directtransportsys.com,,,,,,,
http://finishingtouch.contractors,,https://www.facebook.com/FTInstalls,https://twitter.com/FTInstalls,,,,
http://independenthotelmarketinggroup.com,5189610275,https://www.facebook.com/IndependentHotelMarketing,https://twitter.com/IHMarketingTeam,https://www.linkedin.com/company/4984906,,,
http://sandiegorealestatejobs.net,,,,,,,
http://belanshion.com,,,,,,,
http://healthtrustpg.com,6153443000; 8007378661,https://www.facebook.com/HealthTrustpg,,https://www.linkedin.com/company/healthtrust-purchasing-group,https://www.instagram.com/healthtrustpg,,
http://hillcreststoragetn.com,,,,,,,
http://lloydfeinberg.com,,,,,,,
http://tiffin24.com,,,,,,,
http://advancedbiblicalstudies.net,,,,,,,
http://aesgoldmine.com,,,,,,,
http://alldolledupspabus.com,,https://www.facebook.com/LazadaIndonesia,https://twitter.com/LazadaID,https://www.linkedin.com/company/lazada,https://www.instagram.com/lazada_id,,
http://amairportparking.com,4083525953,,,,,,"651 Martin
                                Ave"
http://cstyled.com,3035228659,https://www.facebook.com/cooperstyled,https://twitter.com/alvincooper,,https://www.instagram.com/denverhaberdasher,,
http://intlselfstorage.com,9106658737,,,,,,
http://marinavillageharbor.com,94501521; 5105210905,https://www.facebook.com/safeharbormarinas,,https://www.linkedin.com/company/safe-harbor-marinas,https://www.instagram.com/safeharbormarinas,https://www.youtube.com/channel/UCc-lFNX3wb1sF6SDHcjQ4tw,
http://nynjelevator.com,,,,,,,
http://gamepcfull.com,,,,,,,
http://impaxinc.com,,,,,,,"Impax Digital Solutions, 495 Maryland Ave, York, PA 17404"
http://nachonomics.com,,https://www.facebook.com/nachonomics; https://www.facebook.com/Nachonomics; https://www.facebook.com/NachoNewsNetwork,https://www.twitter.com/Nachonomics; https://twitter.com/Nachonomics; https://twitter.com/nachonomics,,,,
http://romangalloway.com,,,,,,,
http://safetychain.com,8882357540; 94945235,https://www.facebook.com/safetychain,https://www.twitter.com/safetychain,https://www.linkedin.com/company/safetychain-software,,https://www.youtube.com/channel/UCMSYeHBHsysxGcSsGBdZEhA,"7599 Redwood Blvd, Suite #205"
http://flatpondpublishing.com,,,,,,,
http://fsb-int.com,+1614354; +820104371,,,,,,
http://hallmemphis.org,,,,,,,
http://howellci.com,,,,,,,
http://kalamazoomijobs.com,,,,,,,
http://lammrubenstone.com,,,,,,,
http://mygentxt.org,,https://www.facebook.com/home.php,https://twitter.com/tulsa_gentxt,,,https://www.youtube.com/user/watch,
http://mingchienliang.com,,,,,,,
http://mlfcare.org,,,,,,,
http://mq3labs.com,,https://www.facebook.com/citrix,,,https://www.instagram.com/citrix,,
http://nymphyacht.com,,,,,,,
http://oneononesc.com,+18645763733,https://www.facebook.com/oneononefitnessllc,,,https://www.instagram.com/mrresultz,,"144 Southport Rd Suite A,"
http://pattikavanagh.massagetherapy.com,7167992878,,,,,,"241 Garden St.; 241 Garden Street,  
					Lockport , 
					NY  
					14094"
http://pearlandcounseling.com,2818041900,,,,,,
http://simplythaidining.com,5101698,,,,,,"6295 Jarvis Ave,"
http://alphaquorumstore.com,,,,,,,
http://baxland.com,,,,,,,
http://befeni-usa.com,,,,,,,
http://chugiak.org,,,,,,,
http://hangtownkc.org,,,,,,,
http://myrtlebeach.city,,,,,,,
http://wordofgodokc.com,,,,,,,
http://bigdiamondpools.com,+17132429033,https://www.facebook.com/profile.php,,,,,"1716 Briarcrest Dr., Ste 300, Bryan Texas 77802"
http://brynbachman.com,,,,https://www.linkedin.com/in/bryn-bachman-4a5364278,,,
http://bytheseat.com,,,,,,,
http://gentleconfections.com,,,,,,,
http://hairdesigners-hairsalon.business.site,,,,,,,
http://poocheshouseboutique.com,,,,,,,
http://thermproutah.com,,,,,,,
http://yttangsoodo.com,9729414550,https://www.facebook.com/profile.php,,,,,"4001 Custer Road Plano, TX 75023; 972-941-4550"
http://barbaranichols.org,,,,,,,
http://big-dog-boarding.business.site,,,,,,,
http://kiddnap.com,,,,,,,
http://kiplearningandactivitycenter.com,,,,,,,
http://thecheapghostwriter.com,,,,,,,
http://blacknewengland.org,,,,,,,
http://drfconaway.com,2284674670,https://www.facebook.com/Dr-Frank-Conaway-1493412994061107,,,https://www.instagram.com/drfconaway,,
http://flash-wingo.com,,,,,,,
http://getrazuzz.com,,,,,,,
http://oneforallartists.com,,https://www.facebook.com/oneforallartists; https://www.facebook.com/l.php,,,https://www.instagram.com/oneforallartists; https://www.instagram.com/p,https://www.youtube.com/channel/UCOYtNF_UyP0cEgmMpqxxwgg,"4111 Lancaster Ave, Philadelphia: Our private studios building in West Philadelphia; 4751 Woodland Ave, Philadelphia: Our community studio space and main gallery space"
http://sanctuaryfarmphila.org,,,,,,,
http://crabhouse39.com,94133651; 4156512574,https://www.facebook.com/crabhouseatpier39,,,https://www.instagram.com/crabhouse39; https://www.instagram.com/reel; https://www.instagram.com/p,https://www.youtube.com/user/watch,
http://latinoyouthoutreach.org,,,,,,,
http://reignvolleyball.com,,https://www.facebook.com/reignvolleyballclub,,https://www.linkedin.com/company/reign-volleyball,https://www.instagram.com/reign_vb; https://www.instagram.com/reel; https://www.instagram.com/p,,"Location: 1501 Green Road, Bay F, Deerfield Beach, FL, 33064"
http://wibidata.com,,,,,,,
http://diecutstickers.com,,https://www.facebook.com/diecutstickers,,,https://www.instagram.com/diecutstickersdotcom,https://www.youtube.com/user/diecutstickers,
http://mbcollegeguidance.com,3152436658,,,,,,
http://thecollectiveeffect.org,,,,,,,
http://dentaltalentnow.com,,,,,,,
http://edgeinsurance.biz,,,,,,,
http://awlsnap.com,,https://www.facebook.com/awlsnap,,,https://www.instagram.com/awlsnap,,
http://bgkinvestments.com,,https://www.facebook.com/ben.keisari.9,https://twitter.com/templatesmint; https://twitter.com/BenKeisari,,,,
http://haciendailusionpr.com,,,,,,,
http://hawaii432.com,,,,,,,
http://usconstructgroup.com,,,,,,,
http://wheeinc.com,,,,,,,
http://dafacargo.com,,,,,,,
http://mahoganyvacations.com,,https://www.facebook.com/mahoganyvacations1,,,https://www.instagram.com/mahogany_vacations,,
http://stangerfabllc.com,,https://www.facebook.com/stangerfabllc,,,https://www.instagram.com/stangerfabllc,,
http://troychurch.net,,https://www.facebook.com/pages; https://www.facebook.com/sharer.php,https://twitter.com/TroyChurchofC; https://twitter.com/home,,,,
http://anthonymarlowe.com,,,,https://www.linkedin.com/in/anthonymarlowe,,,
http://avonnylocksmith.com,5852991038,,https://twitter.com/avonnylock,,,,"Dispatch Address: 275 E Main St , Avon , NY 14414"
http://exaintelligence.com,,,,,,,19050 Ashford Lane
http://mannexcavating.com,,,,,,,
http://miqrotech.com,+1832269,,,,,,
http://morrisholmes.com,,,,,,,
http://rfacapitalcorp.com,,,,,,,
http://ameecleaning.com,7855650000,,,,,,526 Riley Ln
http://cindywalker.com,20182020; 20102012; 20142016; 20262028; 20222024,https://www.facebook.com/people,,,,,
http://fivestarpoollinerswilliamstown.com,,,,,,,
http://sustainableracine.org,,,,,,,
http://clearmirrorhealing.wordpress.com,,https://www.facebook.com/ClearMirrorHealing,,,,,
http://d-l-roofing-and-construction-llc.business.site,,,,,,,
http://lealvideoproductions.com,,,,https://www.linkedin.com/in/dan-leal-075993230,https://www.instagram.com/danroleal,https://www.youtube.com/user/cheezinacan2012,
http://rubpage.com,,,,,,,
http://sagacitystays.com,,,,,,,
http://valezio.com,,,,,,,
